lead_id,first_name,last_name,email,company,domain,role_segment,title,icp_tier,pain_point,hook_angle,cta_type,payment_link_tier,lead_status
LEAD-DEV-001,Alex,Mercer,alex.mercer@cloudscale-tech.io,CloudScale Systems,cloudscale-tech.io,DevOps,Lead DevOps Engineer,Tier 1 Enterprise,CI/CD pipeline build delays & developer friction from false-positive security blockers,Autonomous CodeMender PRs with ephemeral execution & zero source code retention,Starter Plan Trial / Automated Pipeline Audit,Starter ($1,500/mo - 5k Singularity Credits),WARM_ENGAGED
LEAD-DEV-002,Jordan,Vance,jvance@dataflow-infra.net,DataFlow Infra,dataflow-infra.net,DevOps,Head of Platform Engineering,Tier 2 Mid-Market,Container image vulnerability sprawl across Docker/Kubernetes clusters,Pre-build vulnerability reachability scoring via Gemini Pro runtime exposure engine,Self-Serve API Integration,Starter ($1,500/mo - 5k Singularity Credits),WAITLIST_ACTIVE
LEAD-DEV-003,Liam,O'Connor,loconnor@apexdeploy.dev,ApexDeploy Solutions,apexdeploy.dev,DevOps,Staff Site Reliability Engineer,Tier 2 Mid-Market,Lack of automated patch verification in git workflows,GitHub Actions native integration with deterministic code patch validation,Developer Sandbox Access,Starter ($1,500/mo - 5k Singularity Credits),WARM_ENGAGED
LEAD-SEC-001,Elena,Rostova,erostova@cyberfortress.defense,CyberFortress MSSP,cyberfortress.defense,SecOps,Director of SOC Operations,Tier 1 Enterprise MSSP,Alert fatigue and manual CVE triage overhead from raw vulnerability scanners,Chokepoint Finder Engine collapsing thousands of alerts into prioritized single-action fixes,30-Day Beta Cohort Onboarding / LOI,Pro Enterprise ($5,000/mo - 25k Singularity Credits),WARM_ENGAGED
LEAD-SEC-002,Marcus,Brody,mbrody@sentinelnet-sec.com,SentinelNet Security,sentinelnet-sec.com,SecOps,Principal Threat Hunter,Tier 1 Enterprise,Passkey replay and credential theft visibility gaps (CVE-2026-34348),Real-time FIDO2 / WebAuthn memory handle inspection and EDR detection rules,EDR Rule Suite Deployment,Pro Enterprise ($5,000/mo - 25k Singularity Credits),WAITLIST_ACTIVE
LEAD-SEC-003,Samantha,Wei,swei@triad-defense.io,Triad Defense Systems,triad-defense.io,SecOps,Lead Incident Response Analyst,Tier 2 Mid-Market,Fragmented Wazuh SIEM telemetry ingestion and slow root-cause analysis,Neural Expressive UI Mission Control with automated anomaly isolation sidecars,SOC Pilot Onboarding,Pro Enterprise ($5,000/mo - 25k Singularity Credits),WARM_ENGAGED
LEAD-CISO-001,David,Sterling,dsterling@vanguardfinancial.group,Vanguard Financial Tech,vanguardfinancial.group,CISO,Chief Information Security Officer,Tier 1 Enterprise FinTech,Auditor friction and compliance evidence gaps for SOC 2 Type II and ISO/IEC 27001,Evidence-Backed Vulnerability Investigator generating cryptographic audit-ready proof,Enterprise Pilot Agreement (Non-Binding LOI),Pro Enterprise ($5,000/mo - 25k Singularity Credits),WARM_ENGAGED
LEAD-CISO-002,Rachel,Kassovitz,rkassovitz@healthvault-cloud.org,HealthVault HealthTech,healthvault-cloud.org,CISO,Chief Information Security Officer,Tier 1 Enterprise HealthTech,Multi-cloud compliance mapping across HIPAA, CMMC 2.0, and AWS/GCP ecosystems,Native ASFF & Google Cloud SCC finding source integration with unified RBAC multi-tenancy,Executive Compliance Briefing,Pro Enterprise ($5,000/mo - 25k Singularity Credits),WAITLIST_ACTIVE
LEAD-CISO-003,Victor,Torres,vtorres@nexus-aero.com,Nexus Aerospace,nexus-aero.com,CISO,VP of Cybersecurity & Risk Governance,Tier 1 Enterprise Defense,High fixed annual licensing costs for legacy EDR/SIEM tools with poor ROI,Predictable Singularity Credits usage-based billing scaling linearly with actual risk triage,Enterprise Design Partner Onboarding,Pro Enterprise ($5,000/mo - 25k Singularity Credits),WARM_ENGAGED
